Raw	POS	Lemma	Remarks
آئرش	ADJ	آئرش	
آباد	ADJ	آباد	
آن	ADJ	آن	Review needed
اخلاقي	ADJ	اخلاقي	
ادا	ADJ	ادا	
ارڙهين	ADJ	ارڙهن	
اسرائيلي	ADJ	اسرائيلي	
اصلي	ADJ	اصلي	
اصولي	ADJ	اصولي	
المناڪ	ADJ	المناڪ	
امدادي	ADJ	امدادي	
انتقامي	ADJ	انتقامي	
ايٽمي	ADJ	ايٽمي	
ايڏي	ADJ	ايڏي	
اڪثر	ADJ	اڪثر	
اڳيون	ADJ	اڳ	
بحال	ADJ	بحال	
برطرف	ADJ	برطرف	
بطال	ADJ	بطال	
بنا	ADJ	بنا	
بي	ADJ	بي	
بھتر	ADJ	بھتر	
ترڪِ	ADJ	ترڪِ	
توڙي	ADJ	توڙي	
جاري	ADJ	جاري	
جملي	ADJ	جملي	
جهڙا	ADJ	جهڙو	
جهڙو	ADJ	جهڙو	
حقيقي	ADJ	حقيقي	
خفيه	ADJ	خفيه	
خودغرض	ADJ	خودغرض	
خوشبودار	ADJ	خوشبودار	
دردناڪ	ADJ	دردناڪ	
روحاني	ADJ	روحاني	
روزانه	ADJ	روزانه	
روسي	ADJ	روسي	
زبردست	ADJ	زبردست	
زده	ADJ	زده	
سادي	ADJ	سادو	
ساڳئي	ADJ	ساڳيو	
سجاڳ	ADJ	سجاڳ	
سراسري	ADJ	سراسري	
سروري	ADJ	سروري	
سمورو	ADJ	سمورو	
سياڻي	ADJ	سياڻي	
سپر	ADJ	سپر	
سڌو	ADJ	سڌو	
شهري	ADJ	شهري	
صفا	ADJ	صفا	
طئي	ADJ	طئي	
عادي	ADJ	عادي	
عجيب	ADJ	عجيب	
عدالتي	ADJ	عدالتي	
عراقي	ADJ	عراقي	
عسڪري	ADJ	عسڪري	
علاوه	ADJ	علاوه	
عملي	ADJ	عملي	
فضائي	ADJ	فضائي	
لائن	ADJ	لائن	
لساني	ADJ	لساني	
مايوس	ADJ	مايوس	
مبينا	ADJ	مبينا	
مثبت	ADJ	مثبت	
مذهبي	ADJ	مذهبي	
مسلسل	ADJ	مسلسل	
مطابق	ADJ	مطابق	
معطل	ADJ	معطل	
مغربي	ADJ	مغربي	
ملتوي	ADJ	ملتوي	
موتمار	ADJ	موتمار	
موثر	ADJ	موثر	
مڙني	ADJ	مڙني	
نااهل	ADJ	نااهل	
ناداني	ADJ	نادان	
نامعلوم	ADJ	نامعلوم	
نتيجتاً	ADJ	نتيجتاً	
ننڍڙا	ADJ	ننڍڙو	
نون	ADJ	نئون	
ون	ADJ	ون	
وڌندڙ	ADJ	وڌ	
يمني	ADJ	يمني	
يهودي	ADJ	يهودي	
ٻطرفن	ADJ	ٻطرف	
ٽنهي	ADJ	ٽنهي	
پراڻو	ADJ	پراڻو	
پسند	ADJ	پسند	
پهريان	ADJ	پهريون	
پيش	ADJ	پيش	
ٿوريء	ADJ	ٿورو	
ٿيڻ	ADJ	ٿي	
ڀارتي	ADJ	ڀارتي	
چوٿون	ADJ	چوٿ	
چوڌاري	ADJ	چوڌاري	
چوڏهين	ADJ	چوڏهن	
چيني	ADJ	چيني	
چڱن	ADJ	چڱو	
ڊاهي	ADJ	ڊاه	
ڌماڪي	ADJ	ڌماڪو	
ڏورانهن	ADJ	ڏورانهن	
ڏٺن	ADJ	ڏٺو	
ڪشي	ADJ	ڪشي	
ڪوتاهه	ADJ	ڪوتاهه	
ڪڙي	ADJ	ڪڙي	
گذريل	ADJ	گذريو	Review needed
گيڙو	ADJ	گيڙو	
ڳجهن	ADJ	ڳجهو	
ڳرا	ADJ	ڳرو	
ڳري	ADJ	ڳري	
ڳنڀير	ADJ	ڳنڀير	
رڳو	ADP	رڳو	
ساڻس	ADP	ساڻس	
سميت	ADP	سميت	
طرف	ADP	طرف	
طور	ADP	طور	
الاءِ	ADV	الاءِ	
الائي	ADV	الائي	
اهوئي	ADV	اهوئي	
اُهي	ADV	اُهي	
اڃاتائيـن	ADV	اڃاتائين	
اڃان	ADV	اڃان	
ترت	ADV	ترت	
جيتوڻيڪ	ADV	جيتوڻيڪ	
جيڏانهن	ADV	جيڏانهن	
دوران	ADV	دوران	
زوري	ADV	زوري	
ساڻ	ADV	ساڻ	
سويرو	ADV	سويرو	
طرف	ADV	طرف	
مس	ADV	مس	
هـوڏانـهـن	ADV	هـوڏانھن	
هيٺئين	ADV	هيٺ	
هٿان	ADV	هٿان	
وسيلي	ADV	وسيلي	
ٻاهران	ADV	ٻاهران	
پو‌	ADV	پو‌	
ھاڻي	ADV	ھاڻ	
آهناهي	AUX	آهناه	Review needed Seems Spelling mistake
آهيئي	AUX	آهي	
آهيو	AUX	آهي	
آُھي	AUX	آُھو	
آھيس	AUX	آهي	
اٿئي	AUX	آهي
اٿو	AUX	آهي
سگهندا	AUX	سگهندو	
سگهنداسون	AUX	سگهندو	
سگهنداسين	AUX	سگهندو	
سگهندس	AUX	سگهندو	
سگهندي	AUX	سگهندو	
سگهنديون	AUX	سگهندو	
سگهيا	AUX	سگهي	
سگهيس	AUX	سگهي	
سگهين	AUX	سگهي	
سگهڻ	AUX	سگهي	
سگھان	AUX	سگهي
ناھن	AUX	آهي
ناھي	AUX	آهي
هجن	AUX	آهي
هوندو	AUX	هوندو	
هوندي	AUX	هوندي	
هيا	AUX	هيو	
پيا	AUX	پيو	
ٿي،	AUX	ٿي،	comma?  fixed
ٿين	AUX	آهي
ٿيندو	AUX	آهي
ٿيو	AUX	آهي
ڏيون	AUX	ڏي	
ڪانهي	AUX	آهي
ڪونهن	AUX	آهي	
گھوڙي	AUX	گھوڙي	Review needed
ھئا	AUX	آهي
ھئو	AUX	آهي	
ھو	AUX	آهي
آ	AUX	آهي
آھيان	AUX	آهي	
آھين	AUX	آهي	
آھيون	AUX	آهي	
اٿم	AUX	آهي
رهندي	AUX	رهندو	
سگهجي	AUX	سگهجي	may be VM
سگهون	AUX	سگهي	may be VM
سگهيون	AUX	سگهي	May be VM
نٿا	AUX	آهي
نٿي	AUX	نٿي	
هئين	AUX	هئي	
هجون	AUX	آهي
هي	AUX	هي	
ٿيئي	AUX	ٿي	
ھا	AUX	ھا	
سگهندو	AUX	سگهي	
هئس	AUX	آهي
هومانس	AUX	هو	
ٿيندا	AUX	آهي	
ڪونهي	AUX	آهي
11	CCONJ	11	
جو	CCONJ	جو	
لا	CCONJ	لا	
اهڙيءَ	DET	اهڙو	
اُن	DET	اُن	
اِها	DET	اِها	
جن	DET	جي	
اڙي	INTJ	اڙي	
ها	INTJ	ها	
Dialects	NOUN	Dialects	
Dimension	NOUN	Dimension	
Mass	NOUN	Mass	
Media	NOUN	Media	
WFO	NOUN	WFO	
http://www.cctv.com.pk	NOUN	http://www.cctv.com.pk	
آئينده	NOUN	آئينده	
آئيڊل	NOUN	آئيڊل	
آبادي	NOUN	آبادي	
آدم	NOUN	آدم	
آرميءَ	NOUN	آرميءَ	
آزاد	NOUN	آزاد	
آزمائشن	NOUN	آزمائش	
آف	NOUN	آف	
آفيسن	NOUN	آفيس	
آور	NOUN	آور	
آگاهه	NOUN	آگاهه	
آگاهي	NOUN	آگاهي	
اتحاد	NOUN	اتحاد	
اتساهه	NOUN	اتساهه	
اخبارن	NOUN	اخبار	
اختيارن	NOUN	اختيار	
اداري	NOUN	ادارو	
اداسي	NOUN	اداسي	
اديءَ	NOUN	اديءَ	
ازالو	NOUN	ازالو	
اسرائيل	NOUN	اسرائيل	
اسمن	NOUN	اسم	
اسٽائل	NOUN	اسٽائل	
اسٽاف	NOUN	اسٽاف	
اسٽنٽ	NOUN	اسٽنٽ	
اسپتالن	NOUN	اسپتال	
اسپورٽس	NOUN	اسپورٽس	
اسڪرين	NOUN	اسڪرين	
اسڪواڊ	NOUN	اسڪواڊ	
اشاري	NOUN	اشارو	
اشتهارن	NOUN	اشتهار	
اطلاعات	NOUN	اطلاع	
الهه	NOUN	الهه	
الوطني	NOUN	الوطني	
امداد	NOUN	امداد	
امڪان	NOUN	امڪان	
انبارن	NOUN	انبار	
انتظاميه	NOUN	انتظاميه	
انٽري	NOUN	انٽري	
انڊيڪس	NOUN	انڊيڪس	
اهلبيت	NOUN	اهلبيت	
اهلڪارن	NOUN	اهلڪار	
اهڃاڻن	NOUN	اهڃاڻ	
اوجهريءَ	NOUN	اوجهريءَ	
ايئرپورٽ	NOUN	ايئرپورٽ	
ايجادن	NOUN	ايجاد	
ايجنڊا	NOUN	ايجنڊا	
ايمبولينس	NOUN	ايمبولينس	
اينڊ	NOUN	اينڊ	
ايوان	NOUN	ايوان	
ايڊوڪيٽ	NOUN	ايڊوڪيٽ	
ايڊيشنل	NOUN	ايڊيشنل	
ايڪشن	NOUN	ايڪشن	
ايگزيڪيوٽو	NOUN	ايگزيڪيوٽو	
اُن	NOUN	اُن	
اٻهرائپ	NOUN	اٻهرائپ	
اپت	NOUN	اپت	
اپيل	NOUN	اپيل	
اکر	NOUN	اکر	
اڪرام	NOUN	اڪرام	
اگهه	NOUN	اگهه	
اھلڪار	NOUN	اھلڪار	
بارگاهن	NOUN	بارگاه	
بازياب	NOUN	بازياب	
بال	NOUN	بال	
باهين	NOUN	باهي	
بحرِ	NOUN	بحرِ	
بخار	NOUN	بخار	
بدسلوڪي	NOUN	بدسلوڪي	
بدنامي	NOUN	بدنامي	
بربريت	NOUN	بربريت	
بروهي	NOUN	بروهي	
برپا	NOUN	برپا	
بلا	NOUN	بلا	
بلوچستان	NOUN	بلوچستان	
بمبارن	NOUN	بمبار	
بندوبست	NOUN	بندوبست	
بها	NOUN	بها	
بهڻ	NOUN	بهڻ	
بوٿ	NOUN	بوٿ	
بيانن	NOUN	بيان	
بيجنگ	NOUN	بيجنگ	
بيحرمتي	NOUN	بيحرمتي	
بيرڪ	NOUN	بيرڪ	
بيوسيءَ	NOUN	بيوسيءَ	
بيگناهه	NOUN	بيگناهه	
بچاءَ	NOUN	بچاءَ	
بچت	NOUN	بچت	
تاثر	NOUN	تاثر	
تال	NOUN	تال	
تحريڪن	NOUN	تحريڪ	
تحسين	NOUN	تحسين	
تحفو	NOUN	تحفو	
تحقيقن	NOUN	تحقيق	
ترجمن	NOUN	ترجمو	
تسلسل	NOUN	تسلسل	
تصويرن	NOUN	تصوير	
تعزيت	NOUN	تعزيت	
تلاشي	NOUN	تلاشي	
تنقيد	NOUN	تنقيد	
توازن	NOUN	توازن	
توقع	NOUN	توقع	
توهار	NOUN	توهار	
توهين	NOUN	توهان	
تياريون	NOUN	تياري	
تيغو	NOUN	تيغو	
تيل	NOUN	تيل	
تڪليف	NOUN	تڪليف	
ثبوت	NOUN	ثبوت	
ثقافتن	NOUN	ثقافت	
جاسوس	NOUN	جاسوس	
جاسوسي	NOUN	جاسوسي	
جامع	NOUN	جامع	
جانثارن	NOUN	جانثار	
جاندارن	NOUN	جاندار	
جانيون	NOUN	جان	
جاين	NOUN	جاءِ	
جدائي	NOUN	جدائي	
جذبو	NOUN	جذبو	
جرڳو	NOUN	جرڳو	
جماعت	NOUN	جماعت	
جند	NOUN	جند	
جنوريءَ	NOUN	جنوريءَ	
جنگي	NOUN	جنگي	
جهاتيون	NOUN	جهاتي	
جهار	NOUN	جهار	
جهاز	NOUN	جهاز	
جهازن	NOUN	جهاز	
جهوتون	NOUN	جهوت	
جوئر	NOUN	جوئر	
جوائنٽ	NOUN	جوائنٽ	
جوڻيجن	NOUN	جوڻيجو	
جوڻيجو	NOUN	جوڻيجو	
جڳهه	NOUN	جڳهه	
جھيڙو	NOUN	جھيڙو	
حاضري	NOUN	حاضري	
حاضريءَ	NOUN	حاضريءَ	
حامي	NOUN	حامي	
حجت	NOUN	حجت	
حلّوس	NOUN	حلّوس	
حنادي	NOUN	حنادي	
حيرانگي	NOUN	حيرانگي	
حيلا	NOUN	حيلو	
حڪمران	NOUN	حڪمران	
حڪمرانن	NOUN	حڪمران	
حڪومتون	NOUN	حڪومت	
خاتمي	NOUN	خاتمو	
خاصيتن	NOUN	خاصيت	
خاطري	NOUN	خاطري	
خاميون	NOUN	خامي	
خرابي	NOUN	خرابي	
خراج	NOUN	خراج	
خودمختياري	NOUN	خودمختياري	
دائرا	NOUN	دائرو	
دائري	NOUN	دائرو	
داخلا	NOUN	داخلا	
داروغا	NOUN	داروغو	
دايا	NOUN	دايو	
در	NOUN	در	
درخشان	NOUN	درخشان	
درد	NOUN	درد	
درسگاھ	NOUN	درسگاھ	
درگاهه	NOUN	درگاهه	
دستا	NOUN	دستو	
دستاويز	NOUN	دستاويز	
دلدار	NOUN	دلدار	
دماغ	NOUN	دماغ	
دهشتگرديءَ	NOUN	دهشتگرد	
دهشتگرن	NOUN	دهشتگر	
دوا	NOUN	دوا	
دٻاءَ	NOUN	دٻاءَ	
ذات	NOUN	ذات	
ذميوارين	NOUN	ذميوار	
ر	NOUN	ر	
رئيس	NOUN	رئيس	
رئيساڻي	NOUN	رئيساڻو	
رابطي	NOUN	رابطو	
راڄوڻي	NOUN	راڄوڻو	
راڄڙ	NOUN	راڄڙ	
راڳي	NOUN	راڳي	
رجسٽريشن	NOUN	رجسٽريشن	
رشوت	NOUN	رشوت	
رليف	NOUN	رليف	
رنج	NOUN	رنج	
رهائشگاهه	NOUN	رهائشگاهه	
رهاڪن	NOUN	رهاڪو	
رهواسي	NOUN	رهواسي	
روايت	NOUN	روايت	
رول	NOUN	رول	
روپيا	NOUN	روپيا	
روپين	NOUN	روپيو	
روڻيون	NOUN	روڻ	
ريپبلڪن	NOUN	ريپبلڪن	
ريگيلويشن	NOUN	ريگيلويشن	
رُخ	NOUN	رُخ	
رِڍ	NOUN	رِڍ	
رڙين	NOUN	رڙ	
رڪاوٽ	NOUN	رڪاوٽ	
زمينن	NOUN	زمين	
سئو	NOUN	سئو	
سارين	NOUN	ساري	
سانئيم	NOUN	سانئين	
سبيلون	NOUN	سبيلون	
سراغ	NOUN	سراغ	
سنگ	NOUN	سنگ	
سهري	NOUN	سهري	
سهولت	NOUN	سهولت	
سهيلين	NOUN	سهيلي	
سورمي	NOUN	سورمي	
سول	NOUN	سول	
سون	NOUN	سون	
سياح	NOUN	سياح	
سياسيءَ	NOUN	سياسيءَ	
سيل	NOUN	سيل	
سينٽي	NOUN	سينٽي	
سپاهي	NOUN	سپاهي	
سپلاءِ	NOUN	سپلاءِ	
سڄاڻ	NOUN	سڄاڻ	
سچائي	NOUN	سچائي	
سچوئيشن	NOUN	سچوئيشن	
سڪار	NOUN	سڪار	
سڪسز	NOUN	سڪسز	
سگهه	NOUN	سگهه	
سھولتون	NOUN	سھولت	
شئي	NOUN	شئي	
شامي	NOUN	شامي	
شاهدن	NOUN	شاهد	
شاهڪار	NOUN	شاهڪار	
شاهڪارن	NOUN	شاهڪار	
شاگردياڻي	NOUN	شاگردياڻي	
شخصيت	NOUN	شخصي	
شرمندا	NOUN	شرمندو	
شرپسند	NOUN	شرپسند	
شل	NOUN	شل	
شهادت	NOUN	شهادت	
شيءِ	NOUN	شيءِ	
شيـنهـڻ	NOUN	شيـنهـڻ	
شڪاري	NOUN	شڪار	
صاحب	NOUN	صاحب	
صدا	NOUN	صدا	
صديءَ	NOUN	صديءَ	
صفحو	NOUN	صفحو	
صلاحن	NOUN	صلاح	
صوبا	NOUN	صوبا	
ضايع	NOUN	ضايع	
ضياءُ	NOUN	ضياءُ	
طالبان	NOUN	طالبان	
طبلي	NOUN	طبلي	
طوطو	NOUN	طوطو	
طوطِي	NOUN	طوطو	
طوفان	NOUN	طوفان	
عباسي	NOUN	عباسي	
عذاب	NOUN	عذاب	
عزتِ	NOUN	عزتِ	
عمارتن	NOUN	عمارت	
عملي	NOUN	عملي	
عنايتون	NOUN	عنايت	
عه	NOUN	عه	
عورتون	NOUN	عورت	
غريب	NOUN	غريب	
غلطيءَ	NOUN	غلطيء	
فارمس	NOUN	فارمس	
فراهمي	NOUN	فراهمي	
فرشتا	NOUN	فرشتا	
فزڪس	NOUN	فزڪس	
فساد	NOUN	فساد	
فلسطينين	NOUN	فلسطيني	
فنانس	NOUN	فنانس	
فنڊز	NOUN	فنڊز	
فوتي	NOUN	فوتي	
فوتين	NOUN	فوتي	
فوجين	NOUN	فوجي	
فونن	NOUN	فون	
فونون	NOUN	فون	
فوٽيج	NOUN	فوٽيج	
فوڊ	NOUN	فوڊ	
فيلسوفاڻن	NOUN	فيلسوفاڻو	
فيڊر	NOUN	فيڊر	
فڪر	NOUN	فڪر	
قاضي	NOUN	قاضي	
قبر	NOUN	قبر	
قدمن	NOUN	قدم	
قسمن	NOUN	قسم	
قصو	NOUN	قصو	
قومون	NOUN	قوم	
قيادت	NOUN	قيادت	
لائٽ	NOUN	لائٽ	
لازم	NOUN	لازم	
لاشارين	NOUN	لاشاري	
لاڳاپا	NOUN	لاڳاپو	
لفظن	NOUN	لفظ	
ليڪچررن	NOUN	ليڪچر	
لکڻين	NOUN	لکڻي	
مائٽ	NOUN	مائٽ	
ماتحت	NOUN	ماتحت	
ماريو	NOUN	مار	
ماپ	NOUN	ماپ	
ماڊل	NOUN	ماڊل	
ماڙي	NOUN	ماڙي	
متاثرين	NOUN	متاثر	
مجرم	NOUN	مجرم	
مجلس	NOUN	مجلس	
مجلسن	NOUN	مجلس	
محافظن	NOUN	محافظ	
محبان	NOUN	محب	
محبوب	NOUN	محبوب	
محمد	NOUN	محمد	
مدرسن	NOUN	مدرسو	
مدو	NOUN	مدو	
مراد	NOUN	مراد	
مرضيءَ	NOUN	مرضيءَ	
مريدن	NOUN	مريد	
مسافر	NOUN	مسافر	
مسمات	NOUN	مسمات	
مشاورت	NOUN	مشاورت	
مشنري	NOUN	مشنري	
مشورا	NOUN	مشورو	
مطالبو	NOUN	مطالبو	
معاملو	NOUN	معاملو	
معاهدو	NOUN	معاهدو	
معطل	NOUN	معطل	
معمول	NOUN	معمول	
مقام	NOUN	مقام	
مقتول	NOUN	مقتول	
ملرز	NOUN	ملر	
ملز	NOUN	مل	
ملن	NOUN	مل	
ملڪيت	NOUN	ملڪيت	
ممڪن	NOUN	ممڪن	
منتقل	NOUN	منتقل	
منصوبن	NOUN	منصوبو	
منطق	NOUN	منطق	
منظرن	NOUN	منظر	
منعقد	NOUN	منعقد	
مهربانيءَ	NOUN	مهربانيءَ	
مهرو	NOUN	مهرو	
مهماني	NOUN	مهماني	
مهندارن	NOUN	مهندار	
مهيا	NOUN	مهيا	Review needed
موبائيل	NOUN	موبائيل	
موضوع	NOUN	موضوع	
مولانا	NOUN	مولانا	
موٽ	NOUN	موٽ	
موڙ	NOUN	موڙ	
موڙي	NOUN	موڙي	
مير	NOUN	مير	
ميرخان	NOUN	ميرخان	
ميلز	NOUN	ميلز	
ميمبر	NOUN	ميمبر	
ميڊيڪل	NOUN	ميڊيڪل	
مڙسس	NOUN	مڙس	
مڙسن	NOUN	مڙس	
مڙهه	NOUN	مڙهه	
نائب	NOUN	نائب	
نامه	NOUN	نامو	
ناڪابندي	NOUN	ناڪابندي	
نشتر	NOUN	نشتر	
نشر	NOUN	نشر	
نظرثاني	NOUN	نظرثاني	
نظرين	NOUN	نظريو	
نظريو	NOUN	نظريو	
نفس	NOUN	نفس	
نماڻي	NOUN	نماڻو	
نمبر	NOUN	نمبر	
نواب	NOUN	نواب	
نواز	NOUN	نواز	
نوٽيس	NOUN	نوٽيس	
نياڻين	NOUN	نياڻي	
نيٽ	NOUN	نيٽ	
نيڪالي	NOUN	نيڪالي	
نگهباني	NOUN	نگهباني	
هارمونيم	NOUN	هارمونيم	
هاري	NOUN	هاري	
هاڃيڪار	NOUN	هاڃيڪار	
هاڪ	NOUN	هاڪ	
هـَـرن	NOUN	هـَـر	
هليو	NOUN	هليو	
هنڌن	NOUN	هنڌ	
هول	NOUN	هول	
هوڪرا	NOUN	هوڪرو	
هٽي	NOUN	هٽي	
هٿيارن	NOUN	هٿيار	
هڪل	NOUN	هڪل	
واحد	NOUN	واحد	
واسطي	NOUN	واسطو	
واقعا	NOUN	واقعو	
واهي	NOUN	واهي	
وايون	NOUN	وائي	
واڳ	NOUN	واڳ	
ور	NOUN	ور	
ورجاءُ	NOUN	ورجاءُ	
ورهاست	NOUN	ورهاست	
ورڪ	NOUN	ورڪ	
وزن	NOUN	وزن	
وستين	NOUN	وستي	
وسيلي	NOUN	وسيلو	
وسڪاري	NOUN	وسڪارو	
وضاحت	NOUN	وضاحت	
وفات	NOUN	وفات	
وقار	NOUN	وقار	
ونگار	NOUN	ونگار	
وهاب	NOUN	وهاب	
ويراڳ	NOUN	ويراڳ	
وٿ	NOUN	وٿ	
وڌ	NOUN	وڌ	
وڏيرن	NOUN	وڏيرو	
وکر	NOUN	وکر	
يوسي	NOUN	يوسي	
يونين	NOUN	يونين	
َدير	NOUN	َدير	
ٺهراءُ	NOUN	ٺهراءُ	
ٺيڪ	NOUN	ٺيڪ	
ٻارڙا	NOUN	ٻارڙو	
ٻارڙيون	NOUN	ٻارڙي	
ٻال	NOUN	ٻال	
ٻرڙو	NOUN	ٻرڙو	
ٻولهه	NOUN	ٻولهه	
ٽائيٽل	NOUN	ٽائيٽل	
ٽانڪ	NOUN	ٽانڪ	
ٽرئفڪ	NOUN	ٽرئفڪ	
ٽريڪ	NOUN	ٽريڪ	
ٽورنامينٽ	NOUN	ٽورنامينٽ	
ٽوڪون	NOUN	ٽوڪون	
ٽيليفون	NOUN	ٽيليفون	
ٽيليويزن	NOUN	ٽيليويزن	
ٽيليڪام	NOUN	ٽيليڪام	
ٽُٻي	NOUN	ٽُٻي	
پابندين	NOUN	پابندي	
پارٽيسپيشن	NOUN	پارٽيسپيشن	
پارٽين	NOUN	پارٽين	
پارڪ	NOUN	پارڪ	
پانڌيئڙن	NOUN	پانڌيئڙو	
پبلڪ	NOUN	پبلڪ	
پتو	NOUN	پتو	
پتڻ	NOUN	پتڻ	
پد	NOUN	پد	
پرائيويٽ	NOUN	پرائيويٽ	
پرزي	NOUN	پرزو	
پرسنلٽي	NOUN	پرسنلٽي	
پروفارما	NOUN	پروفارما	
پروفيسرن	NOUN	پروفيسر	
پريس	NOUN	پريس	
پلئه	NOUN	پلئه	
پلاٽ	NOUN	پلاٽ	
پليجو	NOUN	پليجو	
پهرن	NOUN	پهر	
پهلو	NOUN	پهلو	
پور	NOUN	پور	
پيرا	NOUN	پير	
پيماني	NOUN	پيمانو	
پيهي	NOUN	پيهي	
پيٽرياس	NOUN	پيٽرياس	
پيڙا	NOUN	پيڙو	
پيڙائيءَ	NOUN	پيڙائيءَ	
پيڪيج	NOUN	پيڪيج	
پٺ	NOUN	پٺ	
پٺڀرائي	NOUN	پٺڀرائي	
پڙهندڙن	NOUN	پڙهنندڙ	Review needed
پڪي	NOUN	پڪو	
ٿرڊ	NOUN	ٿرڊ	
ٿنڀا	NOUN	ٿنڀو	
ڀارت	NOUN	ڀارت	
ڀاڄ	NOUN	ڀاڄ	
ڀاڙا	NOUN	ڀاڙو	
ڀليڪار	NOUN	ڀليڪار	
چنا	NOUN	چنو	
چور	NOUN	چور	
چيڪنگ	NOUN	چيڪنگ	
چَهيءَ	NOUN	چَهي	
ڇاپا	NOUN	ڇاپا	
ڇتين	NOUN	ڇت	
ڇوڪرين	NOUN	ڇوڪر	
ڊائريڪٽر	NOUN	ڊائريڪٽر	
ڊائنوسورز	NOUN	ڊائنوسار	
ڊالرن	NOUN	ڊالر	
ڊاڪٽرن	NOUN	ڊاڪٽر	
ڊاڪٽرياڻي	NOUN	ڊاڪٽرياڻي	
ڊسٽرڪٽ	NOUN	ڊسٽرڪٽ	
ڊسپوزل	NOUN	ڊسپوزل	
ڊفينس	NOUN	ڊفينس	
ڊويزنن	NOUN	ڊويزن	
ڌاڙا	NOUN	ڌاڙو	
ڌڙڪ	NOUN	ڌڙڪ	
ڌڻ	NOUN	ڌڻ	
ڌڻين	NOUN	ڌڻي	
ڏاهن	NOUN	ڏاهو	
ڏاڍائي	NOUN	ڏاڍ	
ڏاڙهي	NOUN	ڏاڙهي	
ڏنڊ	NOUN	ڏنڊ	
ڏوهه	NOUN	ڏوهه	
ڏير	NOUN	ڏير	
ڏکيائي	NOUN	ڏکيائي	
ڏکڻ	NOUN	ڏکڻ	
ڦيرا	NOUN	ڦيرو	
کاتو	NOUN	کاتو	
کانڀاڻي	NOUN	کانڀاڻ	
کوسو	NOUN	کوسو	
کونهارو	NOUN	کونهارو	
کوهه	NOUN	کوهه	
کيپ	NOUN	کيپ	
ڪابينا	NOUN	ڪابينا	
ڪاررواين	NOUN	ڪارروائي	
ڪارنهن	NOUN	ڪارنهن	
ڪاروائي	NOUN	ڪاروائي	
ڪارٽون	NOUN	ڪارٽ	
ڪارڊ	NOUN	ڪارڊ	
ڪاميٽيون	NOUN	ڪاميٽي	
ڪانٽن	NOUN	ڪانٽو	
ڪاپيءَ	NOUN	ڪاپيءَ	
ڪاٿي	NOUN	ڪاٿي	
ڪتن	NOUN	ڪتو	
ڪرمپور	NOUN	ڪرمپور	
ڪرڪ	NOUN	ڪرڪ	
ڪرڪيٽ	NOUN	ڪرڪيٽ	
ڪرڪيٽر	NOUN	ڪرڪيٽر	
ڪشمير	NOUN	ڪشمير	
ڪـُن	NOUN	ڪـُن	
ڪمپنين	NOUN	ڪمپني	
ڪمپيوٽر	NOUN	ڪمپيوٽر	
ڪوتاھيون	NOUN	ڪوتاھ	
ڪيسن	NOUN	ڪيسو	
ڪيمرائون	NOUN	ڪيمرا	
ڪيمپن	NOUN	ڪيمپ	
ڪٽ	NOUN	ڪٽ	
گادي	NOUN	گادي	
گاڏي	NOUN	گاڏي	
گند	NOUN	گند	
گهارا	NOUN	گهارو	
گهاري	NOUN	گهار	
گهرائي	NOUN	گهرو	
گهڙين	NOUN	گهڙي	
گورنمينٽ	NOUN	گورنمينٽ	
گيسٽ	NOUN	گيسٽ	
گڊگورننس	NOUN	گڊگورننس	
ڳچيءَ	NOUN	ڳچي	
ڳڙهه	NOUN	ڳڙهه	
ھارين	NOUN	ھاري	
1	NUM	1	
11	NUM	11	
120	NUM	120	
14	NUM	14	
16	NUM	16	
1954ع	NUM	1954ع	
1998ع	NUM	1998ع	
23	NUM	23	
250	NUM	250	
254	NUM	254	
33	NUM	33	
35	NUM	35	
42	NUM	42	
55	NUM	55	
60	NUM	60	
600	NUM	600	
62	NUM	62	
800	NUM	800	
B.T	NUM	B.T	Review Needed
اڍائي	NUM	اڍائي	Review Needed
زخمي	NUM	زخمي	Review Needed
سٺ	NUM	سٺ	
هون	NUM	هون	
هين	NUM	هين	
ويهه	NUM	ويهه	
ڇهه	NUM	ڇهه	
بي	PART	بي	
سهي	PART	سهي	
نٿي	PART	نٿي	
ِئي	PART	ِئي	
اُها	PRON	اُها	
توسان	PRON	توسان	
تڏهن	PRON	تڏهن	
جهڙو	PRON	جهڙو	
جڏهن	PRON	جڏهن	
خود	PRON	خود	
سا	PRON	سا	
مٿن	PRON	مٿن	Review Needed
هُو	PRON	هُو	
پاڻهي	PRON	پاڻ	
پنھنجا	PRON	پنھنجو	
ڪجهه	PRON	ڪجهه	
Eircom	PROPN	Eircom	
IRA	PROPN	IRA	
آئرش	PROPN	آئرش	
آئرڪام	PROPN	آئرڪام	
آمر	PROPN	آمر	
ابو	PROPN	ابو	
اتر	PROPN	اتر	
احسن	PROPN	احسن	
ارب	PROPN	ارب	
اسرائيل	PROPN	اسرائيل	
اقبال	PROPN	اقبال	
الدين	PROPN	الدين	
الشيخ	PROPN	الشيخ	
العلوم	PROPN	العلوم	
الياس	PROPN	الياس	
انور	PROPN	انور	
انگلنڊ	PROPN	انگلنڊ	
اوباما	PROPN	اوباما	
اوما	PROPN	اوما	
اوڍو	PROPN	اوڍو	
ايڊمرل	PROPN	ايڊمرل	
اپريل	PROPN	اپريل	
اڪرم	PROPN	اڪرم	
اڳوڻو	PROPN	اڳوڻو	Review Needed
بريصغير	PROPN	بريصغير	
برٽش	PROPN	برٽش	
بورجوائي	PROPN	بورجوائي	
بڍبير	PROPN	بڍبير	
تنوير	PROPN	تنوير	
تڳيو	PROPN	تڳيو	
جبار	PROPN	جبار	
جنرل	PROPN	جنرل	
جولاءِ	PROPN	جولاءِ	
حاڪم	PROPN	حاڪم	
حب	PROPN	حب	
خان	PROPN	خان	
خميسو	PROPN	خميسو	
خٽڪ	PROPN	خٽڪ	
دهلي	PROPN	دهلي	
ديره	PROPN	ديره	
رائيس	PROPN	رائيس	
رشيد	PROPN	رشيد	
رمضان	PROPN	رمضان	
زاھد	PROPN	زاھد	
سسئي	PROPN	سسئي	
سنسڪرت	PROPN	سنسڪرت	
سيپٽمبر	PROPN	سيپٽمبر	
سپر	PROPN	سپر	Review Needed
سڊل	PROPN	سڊل	
سڪسز	PROPN	سڪسز	Review Needed
شرم	PROPN	شرم	
شريف	PROPN	شريف	
شعيب	PROPN	شعيب	
شيري	PROPN	شيري	
شڪارپور	PROPN	شڪارپور	
شگر	PROPN	شگر	
صالح	PROPN	صالح	
طاهر	PROPN	طاهر	
عائشه	PROPN	عائشه	
عبدالحق	PROPN	عبدالحق	
عبدالفتاح	PROPN	عبدالفتاح	
عبيد	PROPN	عبيد	
عمر	PROPN	عمر	
غازي	PROPN	غازي	
غني	PROPN	غني	
فخرالدين	PROPN	فخرالدن	
فضل	PROPN	فضل	
فلپائن	PROPN	فلپائن	
فوزيه	PROPN	فوزيه	
قادرمگسي	PROPN	قادرمگسي	
قاسم	PROPN	قاسم	
قطب	PROPN	قطب	
قمبر	PROPN	قمبر	
لطيف	PROPN	لطيف	
مئي	PROPN	مئي	
مائيڪ	PROPN	مائيڪ	
ماتلي	PROPN	ماتلي	
ماٿيلو	PROPN	ماٿيلو	
مترجم	PROPN	مترجم	
مجيب	PROPN	مجيب	
محسود	PROPN	محسود	
مرتضيٰ	PROPN	مرتضيٰ	
مسعود	PROPN	مسعود	
مغوي	PROPN	مغوي	
ممتاز	PROPN	ممتاز	
منير	PROPN	منير	
مهتاب	PROPN	مهتاب	
مولن	PROPN	مولن	
مير	PROPN	مير	
ميرپور	PROPN	ميرپور	
ميرپورساڪرو	PROPN	ميرپورساڪرو	
نارا	PROPN	نارو	
نبي	PROPN	نبي	
نواب	PROPN	نواب	
نور	PROPN	نور	
نيو	PROPN	نيو	
نيڪ	PROPN	نيڪ	
هالنڊ	PROPN	هالنڊ	
هانگ	PROPN	هانگ	
هزار	PROPN	هزار	
وائٽ	PROPN	وائٽ	
وانا	PROPN	وانو	
وسيم	PROPN	وسيم	
وسپ	PROPN	وسپ	
يار	PROPN	يار	
ياسمين	PROPN	ياسمين	
يورپ	PROPN	يورپ	
ٺٽو	PROPN	ٺٽو	
پارڪو	PROPN	پارڪو	
پاڪ	PROPN	پاڪ	
پاڪستانين	PROPN	پاڪستان	
پرويز	PROPN	پرويز	
پنگريو	PROPN	پنگريو	
پير	PROPN	پير	
پيراڻي	PROPN	پيراڻي	
ٿر	PROPN	ٿر	
ڀرڳڙي	PROPN	ڀرڳڙي	
ڀنگو	PROPN	ڀنگو	
چڪوال	PROPN	چڪوال	
ڇٽي	PROPN	ڇٽي	
ڊومڪي	PROPN	ڊومڪي	
ڊيوڊ	PROPN	ڊيوڊ	
ڏنو	PROPN	ڏنو	
ڏهرڪي	PROPN	ڏهرڪي	
ڪابل	PROPN	ڪابل	
ڪانگ	PROPN	ڪانگ	
ڪرشنا	PROPN	ڪرشنا	
ڪرشنگ	PROPN	ڪرشنگ	
گجو	PROPN	گجو	
گهارو	PROPN	گهارو	
گهانا	PROPN	گهاننو	
!	PUNCT	!	
آندي	VERB	آندو	
آڇين	VERB	آڇيو	
آڻيو	VERB	آڻ	
الهه	VERB	الهه	Review Needed
ايندا	VERB	ايندو	
اپنايا	VERB	اپنايو	
اڇلائي	VERB	اڇل	
اڏائڻ	VERB	اڏاءِ	
بڻيل	VERB	بڻيو	
جڙيل	VERB	جڙيو	
رهندڙ	VERB	ره	
روڪي	VERB	روڪ	
ساڙڻ	VERB	ساڙڻ	
سرندا	VERB	سرندو	
سـِـڪي	VERB	سـِـڪيو	
سمجهان	VERB	سمجه	
سمجهندا	VERB	سمجه	
سمجهون	VERB	سمجه	
سمجھايومانس	VERB	سمجھ	
سمهي	VERB	سمه	
سورڻ	VERB	سور	
سگهو	VERB	سگهي	
سگهون	VERB	سگه	
سگهين	VERB	سگهي
سگھبو	VERB	سگھ	
لائيندي	VERB	لائنيندو	
لاتا	VERB	لاتو	
لاهه	VERB	لاهه	
لاڳو	VERB	لاڳو	
لنوائيندا	VERB	لنواءِ	
لوڙهيو	VERB	لوڙه	
ليکيو	VERB	ليکيو	
لِکي	VERB	لک	
لٿل	VERB	لٿو	
لڙهي	VERB	لڙه	
لکي	VERB	لک	
لکيل	VERB	لک	
لکڻ	VERB	لک	
لڪاءِ	VERB	لڪاءِ	
لڳايو	VERB	لڳاءِ	
مئس	VERB	مئو	
مارڻ	VERB	مار	
ماڻجي	VERB	ماڻج	
متعارف	VERB	متعارف	
مـُـئا	VERB	مـُء	
ملنديون	VERB	مل	
ملهائڻ	VERB	ملهاءِ	
موڪلا	VERB	موڪلا	
مڃبو	VERB	مڃ	
مڃيندي	VERB	مڃ	
مڃڻ	VERB	مڃ	
مڙهي	VERB	مڙهيو	
نهاريو	VERB	نهار	
نڪرندڙ	VERB	نڪر	
هلان	VERB	هل	
هڪلڻ	VERB	هڪل	
هڻندو	VERB	هڻ	
هڻڻ	VERB	هڻ	
وجهرايو	VERB	وجهراءِ	
ورتا	VERB	ورتو	
ورتل	VERB	ورتو	
وريـو	VERB	وري	
وسريا	VERB	وسر	
وهندي	VERB	وهندو	
ويس	VERB	ويس	
ويٺا	VERB	ويٺو	
وٺ	VERB	وٺ	
وٺندو	VERB	وٺ	
وڄائيندي	VERB	وڄاءِ	
وڌيو	VERB	وڌ	
وڪامجي	VERB	وڪامج	
ٽنگي	VERB	ٽنگ	
پائڻ	VERB	پاءِ	
پارايا	VERB	پاراءِ	
پرکڻ	VERB	پرک	
پهچائڻ	VERB	پهچاءِ	
پهچايو	VERB	پهچاءِ	
پوندا.	VERB	پوندو	. should be deleted
پوکي	VERB	پوک	
پيئو	VERB	پيئ	
پڄندس	VERB	پڄ	
پچائي	VERB	پچاءِ	
پڇيائين	VERB	پڇ	
ٿينديون	VERB	ٿي	
ڀريندي	VERB	ڀر	
ڀنڀلائڻ	VERB	ڀنڀلاءِ	
ڀڄندو	VERB	ڀڄ	
ڀڳل	VERB	ڀڳو	
ڄاڻايو	VERB	ڄاڻ	
چاڙهيو	VERB	چاڙه	
چوندو	VERB	چو	
چونڊي	VERB	چونڊ	
چونڊيو	VERB	چونڊ	
چوين	VERB	چو	
ڇٽي	VERB	ڇٽ	
ڇڏيائين	VERB	ڇڏيو	
ڇڏين	VERB	ڇڏ	
ڇڏيون	VERB	ڇڏ	
ڇڪي	VERB	ڇڪ	
ڊڄن	VERB	ڊڄ	
ڏسان	VERB	ڏس	
ڏسجي	VERB	ڏسج	
ڏيار	VERB	ڏيار	
ڏيندا	VERB	ڏي	
ڏيڻا	VERB	ڏيڻو	
ڏٺا	VERB	ڏٺو	
ڦاسي	VERB	ڦاس	
ڦرندا	VERB	ڦر	
ڦرڻ	VERB	ڦر	
کاءُ	VERB	کاءُ	
کائينداسون	VERB	کاءِ	
کسي	VERB	کس	
کلن	VERB	کل	
کُلي	VERB	کُل	
کپن	VERB	کپ	
کڻڻ	VERB	کڻ	
ڪبي	VERB	ڪبو	
ڪراءِ	VERB	ڪراءِ	
ڪريانءِ	VERB	ڪري	
ڪندڙن	VERB	ڪن	
ڪوشش	VERB	ڪوشش	Review Needed
ڪوڙ	VERB	ڪوڙ	Review Needed
ڪيئي	VERB	ڪيو	
ڪياسين	VERB	ڪيو	
ڪٿيندئو	VERB	ڪٿ	
ڪڌيا	VERB	ڪڌيو	
گذرندڙ	VERB	گذر	
گذرڻو	VERB	گذرڻو	
گهرون	VERB	گهر	
گهمڻ	VERB	گهُم	
گهٽجي	VERB	گهٽج	
گھريا	VERB	گھريو	
ڳائيندو	VERB	ڳاءِ	
ڳائيندي	VERB	ڳاءِ	
ھڻايا	VERB	ھڻاءِ	